Date,Close
04/01/2010,311.349976
05/01/2010,309.978882
06/01/2010,302.164703
07/01/2010,295.130463
08/01/2010,299.06488
11/01/2010,298.612823
12/01/2010,293.332153
13/01/2010,291.648102
14/01/2010,293.019196
15/01/2010,288.126007
19/01/2010,291.911407
20/01/2010,288.329681
21/01/2010,289.606384
22/01/2010,273.227905
25/01/2010,268.255249
26/01/2010,269.457428
27/01/2010,269.298462
28/01/2010,265.418701
29/01/2010,263.257751
01/02/2010,264.787811
02/02/2010,263.843964
03/02/2010,268.662598
04/02/2010,261.687958
05/02/2010,263.928406
08/02/2010,265.011353
09/02/2010,266.486755
10/02/2010,265.498199
11/02/2010,266.466888
12/02/2010,264.837494
16/02/2010,268.901062
17/02/2010,267.366028
18/02/2010,269.854858
19/02/2010,268.632813
22/02/2010,269.64621
23/02/2010,265.806183
24/02/2010,264.017822
25/02/2010,261.514099
26/02/2010,261.697906
01/03/2010,264.623871
02/03/2010,268.78183
03/03/2010,270.898071
04/03/2010,275.503113
05/03/2010,280.282043
08/03/2010,279.422638
09/03/2010,278.285034
10/03/2010,286.362488
11/03/2010,288.692322
12/03/2010,287.897491
15/03/2010,279.770355
16/03/2010,280.773834
17/03/2010,280.952667
18/03/2010,281.369965
19/03/2010,278.190643
22/03/2010,276.94873
23/03/2010,272.726166
24/03/2010,276.864258
25/03/2010,279.621338
26/03/2010,279.526947
29/03/2010,279.407715
30/03/2010,281.523956
31/03/2010,281.727631
01/04/2010,282.562195
05/04/2010,283.660065
06/04/2010,282.274078
07/04/2010,279.949188
08/04/2010,281.911438
09/04/2010,281.280548
12/04/2010,284.514496
13/04/2010,291.489136
14/04/2010,292.596924
15/04/2010,295.726593
16/04/2010,273.297455
19/04/2010,273.272614
20/04/2010,275.726654
21/04/2010,275.35907
22/04/2010,271.762451
23/04/2010,270.734131
26/04/2010,264.102264
27/04/2010,262.820618
28/04/2010,262.885193
29/04/2010,264.281097
30/04/2010,261.151459
03/05/2010,263.585632
04/05/2010,251.54892
05/05/2010,253.232971
06/05/2010,247.723801
07/05/2010,244.976669
10/05/2010,259.139557
11/05/2010,252.880264
12/05/2010,251.062088
13/05/2010,253.789352
14/05/2010,252.125168
17/05/2010,252.34375
18/05/2010,247.574768
19/05/2010,245.617493
20/05/2010,235.970245
21/05/2010,234.499802
24/05/2010,237.0383
25/05/2010,236.993591
26/05/2010,236.198761
27/05/2010,243.645325
28/05/2010,241.245926
01/06/2010,239.626465
02/06/2010,245.090927
03/06/2010,251.166397
04/06/2010,247.748627
07/06/2010,241.191284
08/06/2010,240.823669
09/06/2010,235.478439
10/06/2010,241.931473
11/06/2010,242.671661
14/06/2010,240.033813
15/06/2010,247.385986
16/06/2010,249.015396
17/06/2010,248.42424
18/06/2010,248.399399
21/06/2010,242.701462
22/06/2010,241.553925
23/06/2010,239.467499
24/06/2010,236.014954
25/06/2010,234.812775
28/06/2010,234.514709
29/06/2010,225.662277
30/06/2010,221.037369
01/07/2010,218.325012
02/07/2010,216.864502
06/07/2010,216.626053
07/07/2010,223.645401
08/07/2010,226.804855
09/07/2010,232.234543
12/07/2010,236.377594
13/07/2010,243.019394
14/07/2010,244.082474
15/07/2010,245.413818
16/07/2010,228.319992
19/07/2010,231.583771
20/07/2010,239.238983
21/07/2010,237.207199
22/07/2010,240.838577
23/07/2010,243.446609
26/07/2010,242.905136
27/07/2010,244.723312
28/07/2010,240.610062
29/07/2010,240.927994
30/07/2010,240.858444
02/08/2010,243.620483
03/08/2010,243.332352
04/08/2010,251.524078
05/08/2010,252.408325
06/08/2010,248.49379
09/08/2010,251.042206
10/08/2010,250.227509
11/08/2010,244.281189
12/08/2010,244.415314
13/08/2010,241.603607
16/08/2010,241.226059
17/08/2010,243.675125
18/08/2010,239.517166
19/08/2010,232.472992
20/08/2010,229.517212
23/08/2010,230.535583
24/08/2010,224.236557
25/08/2010,225.841125
26/08/2010,224.032883
27/08/2010,227.932526
30/08/2010,224.882355
31/08/2010,223.555984
01/09/2010,228.677673
02/09/2010,230.09346
03/09/2010,233.630463
07/09/2010,230.699524
08/09/2010,233.769562
09/09/2010,236.551468
10/09/2010,236.531586
13/09/2010,239.576782
14/09/2010,238.662735
15/09/2010,238.767044
16/09/2010,238.975693
17/09/2010,243.491318
20/09/2010,252.497742
21/09/2010,255.071014
22/09/2010,256.332794
23/09/2010,255.080948
24/09/2010,261.941315
27/09/2010,263.491241
28/09/2010,261.881714
29/09/2010,262.140045
30/09/2010,261.196167
01/10/2010,261.111725
04/10/2010,259.487274
05/10/2010,267.375977
06/10/2010,265.448517
07/10/2010,263.292542
08/10/2010,266.442047
11/10/2010,267.679016
12/10/2010,268.94577
13/10/2010,269.894592
14/10/2010,268.717255
15/10/2010,298.781708
18/10/2010,306.859192
19/10/2010,301.951111
20/10/2010,302.025604
21/10/2010,304.01767
22/10/2010,304.285919
25/10/2010,306.258087
26/10/2010,307.3013
27/10/2010,306.243195
28/10/2010,307.291351
29/10/2010,304.867126
01/11/2010,305.512939
02/11/2010,305.811005
03/11/2010,308.086182
04/11/2010,310.117981
05/11/2010,310.520355
08/11/2010,311.359894
09/11/2010,310.391205
10/11/2010,309.42746
11/11/2010,306.600861
12/11/2010,299.69577
15/11/2010,295.811035
16/11/2010,289.973999
17/11/2010,289.889557
18/11/2010,296.352509
19/11/2010,293.506012
22/11/2010,293.699768
23/11/2010,289.621307
24/11/2010,295.562653
26/11/2010,293.093719
29/11/2010,289.174194
30/11/2010,276.059509
01/12/2010,280.351593
02/12/2010,284.062439
03/12/2010,284.648621
06/12/2010,287.31131
07/12/2010,291.672943
08/12/2010,293.361969
09/12/2010,293.838867
10/12/2010,294.191559
13/12/2010,295.388794
14/12/2010,295.532837
15/12/2010,293.242737
16/12/2010,293.943176
17/12/2010,293.491119
20/12/2010,295.607361
21/12/2010,299.586487
22/12/2010,300.788666
23/12/2010,300.16272
27/12/2010,299.243713
28/12/2010,297.524902
29/12/2010,298.558167
30/12/2010,297.495087
31/12/2010,295.065887
03/01/2011,300.222351
04/01/2011,299.114563
05/01/2011,302.567078
06/01/2011,304.767792
07/01/2011,306.228271
10/01/2011,305.120483
11/01/2011,306.014679
12/01/2011,306.441895
13/01/2011,306.352478
14/01/2011,310.073273
18/01/2011,317.748352
19/01/2011,313.833801
20/01/2011,311.359894
21/01/2011,303.938171
24/01/2011,303.565613
25/01/2011,307.952057
26/01/2011,306.258087
27/01/2011,306.402161
28/01/2011,298.553192
31/01/2011,298.240234
01/02/2011,303.545715
02/02/2011,304.022614
03/02/2011,303.103607
04/02/2011,303.51593
07/02/2011,305.160217
08/02/2011,307.192017
09/02/2011,306.258087
10/02/2011,306.228271
11/02/2011,310.232239
14/02/2011,312.045441
15/02/2011,310.05838
16/02/2011,310.09314
17/02/2011,310.609772
18/02/2011,313.004211
22/02/2011,303.133423
23/02/2011,303.684814
24/02/2011,302.442902
25/02/2011,303.04895
28/02/2011,304.718109
01/03/2011,298.438934
02/03/2011,298.453857
03/03/2011,302.810516
04/03/2011,298.369385
07/03/2011,293.918335
08/03/2011,294.241241
09/03/2011,293.972992
10/03/2011,288.275055
11/03/2011,286.491638
14/03/2011,283.153351
15/03/2011,282.939758
16/03/2011,276.75
17/03/2011,278.866241
18/03/2011,278.717224
21/03/2011,286.387329
22/03/2011,286.794678
23/03/2011,289.199036
24/03/2011,291.548767
25/03/2011,287.996857
28/03/2011,285.821014
29/03/2011,288.985443
30/03/2011,289.04007
31/03/2011,291.484161
01/04/2011,293.987885
04/04/2011,291.941193
05/04/2011,282.706268
06/04/2011,285.234833
07/04/2011,288.126007
08/04/2011,287.211975
11/04/2011,286.819519
12/04/2011,283.461365
13/04/2011,286.278046
14/04/2011,287.385834
15/04/2011,263.635315
18/04/2011,261.717773
19/04/2011,259.079926
20/04/2011,261.166351
21/04/2011,260.853394
25/04/2011,260.828552
26/04/2011,264.688446
27/04/2011,267.142487
28/04/2011,267.246826
29/04/2011,270.292023
02/05/2011,267.539917
03/05/2011,265.220001
04/05/2011,266.163849
05/05/2011,265.408783
06/05/2011,265.920441
09/05/2011,267.102753
10/05/2011,269.57666
11/05/2011,265.994965
12/05/2011,265.796265
13/05/2011,263.064026
16/05/2011,257.534973
17/05/2011,263.516083
18/05/2011,263.193176
19/05/2011,263.908539
20/05/2011,260.321869
23/05/2011,257.520081
24/05/2011,257.455505
25/05/2011,258.155945
26/05/2011,257.39093
27/05/2011,258.766968
31/05/2011,262.80072
01/06/2011,261.101776
02/06/2011,262.323822
03/06/2011,259.849915
06/06/2011,258.846466
07/06/2011,257.838013
08/06/2011,257.907562
09/06/2011,256.695435
10/06/2011,253.108765
13/06/2011,250.734222
14/06/2011,252.54245
15/06/2011,249.84996
16/06/2011,248.568298
17/06/2011,240.942902
20/06/2011,240.724319
21/06/2011,244.90712
22/06/2011,241.931473
23/06/2011,238.558411
24/06/2011,235.905655
27/06/2011,239.840073
28/06/2011,245.230011
29/06/2011,247.177353
30/06/2011,251.553879
01/07/2011,258.831543
05/07/2011,264.499695
06/07/2011,265.950256
07/07/2011,271.533936
08/07/2011,264.276154
11/07/2011,261.936371
12/07/2011,265.279602
13/07/2011,267.390869
14/07/2011,262.760986
15/07/2011,296.879089
18/07/2011,295.54776
19/07/2011,299.328156
20/07/2011,295.751434
21/07/2011,301.533813
22/07/2011,307.117493
25/07/2011,307.490082
26/07/2011,309.248627
27/07/2011,301.648071
28/07/2011,303.496063
29/07/2011,299.89447
01/08/2011,301.42453
02/08/2011,294.28595
03/08/2011,298.642609
04/08/2011,286.894043
05/08/2011,287.649109
08/08/2011,271.245819
09/08/2011,284.852325
10/08/2011,272.73114
11/08/2011,279.248749
12/08/2011,280.063446
15/08/2011,276.814575
16/08/2011,267.758484
17/08/2011,264.852386
18/08/2011,250.808731
19/08/2011,243.87384
22/08/2011,247.475418
23/08/2011,257.733704
24/08/2011,259.954254
25/08/2011,258.339752
26/08/2011,261.727722
29/08/2011,267.798218
30/08/2011,268.602997
31/08/2011,268.732147
01/09/2011,264.52948
02/09/2011,260.724243
06/09/2011,259.402832
07/09/2011,265.289551
08/09/2011,265.751556
09/09/2011,260.729218
12/09/2011,263.347168
13/09/2011,263.049133
14/09/2011,264.315887
15/09/2011,269.526978
16/09/2011,271.573669
19/09/2011,271.568695
20/09/2011,271.548828
21/09/2011,267.857849
22/09/2011,258.647736
23/09/2011,261.057068
26/09/2011,264.226471
27/09/2011,267.927399
28/09/2011,262.711304
29/09/2011,262.045654
30/09/2011,255.855911
03/10/2011,246.158966
04/10/2011,249.328354
05/10/2011,250.719315
06/10/2011,255.691971
07/10/2011,255.895645
10/10/2011,266.849396
11/10/2011,269.834991
12/10/2011,272.477783
13/10/2011,277.688904
14/10/2011,293.928284
17/10/2011,289.323242
18/10/2011,293.347046
19/10/2011,288.473755
20/10/2011,289.949158
21/10/2011,293.337128
24/10/2011,296.282959
25/10/2011,289.695801
26/10/2011,291.26062
27/10/2011,297.400696
28/10/2011,298.130951
31/10/2011,294.405182
01/11/2011,287.455383
02/11/2011,290.520447
03/11/2011,296.819489
04/11/2011,296.14386
07/11/2011,302.199493
08/11/2011,304.191528
09/11/2011,298.533325
10/11/2011,295.61731
11/11/2011,302.209412
14/11/2011,304.519409
15/11/2011,306.287903
16/11/2011,303.759338
17/11/2011,298.493591
18/11/2011,295.517944
21/11/2011,288.592987
22/11/2011,288.126007
23/11/2011,283.212982
25/11/2011,279.680939
28/11/2011,292.19455
29/11/2011,289.581543
30/11/2011,297.758362
01/12/2011,304.901917
02/12/2011,308.175629
05/12/2011,310.803528
06/12/2011,309.869598
07/12/2011,309.680817
08/12/2011,306.034546
09/12/2011,311.6828
12/12/2011,310.674377
13/12/2011,310.793579
14/12/2011,307.038025
15/12/2011,307.76825
16/12/2011,310.95752
19/12/2011,308.905853
20/12/2011,313.148285
21/12/2011,310.88797
22/12/2011,312.81543
23/12/2011,314.524323
27/12/2011,318.056335
28/12/2011,317.783142
29/12/2011,319.12439
30/12/2011,320.863098
03/01/2012,330.555054
04/01/2012,331.980774
05/01/2012,327.375732
06/01/2012,322.90979
09/01/2012,309.218842
10/01/2012,309.556641
11/01/2012,310.95752
12/01/2012,312.785645
13/01/2012,310.475647
17/01/2012,312.259064
18/01/2012,314.410065
19/01/2012,317.718536
20/01/2012,291.101654
23/01/2012,290.868195
24/01/2012,288.588013
25/01/2012,282.904968
26/01/2012,282.214478
27/01/2012,288.116089
30/01/2012,286.978485
31/01/2012,288.180664
01/02/2012,288.53833
02/02/2012,290.66452
03/02/2012,296.238251
06/02/2012,302.577026
07/02/2012,301.42453
08/02/2012,302.954559
09/02/2012,303.754364
10/02/2012,300.997314
13/02/2012,304.121979
14/02/2012,302.909851
15/02/2012,300.823425
16/02/2012,301.300323
17/02/2012,300.366394
21/02/2012,305.016174
22/02/2012,302.005737
23/02/2012,301.096649
24/02/2012,302.979401
27/02/2012,302.68631
28/02/2012,307.196991
29/02/2012,307.127441
01/03/2012,309.189026
02/03/2012,308.617737
05/03/2012,305.14035
06/03/2012,300.52536
07/03/2012,301.439423
08/03/2012,301.608337
09/03/2012,298.185577
12/03/2012,300.619751
13/03/2012,306.893951
14/03/2012,306.00473
15/03/2012,308.558136
16/03/2012,310.500488
19/03/2012,314.94162
20/03/2012,314.698181
21/03/2012,317.922211
22/03/2012,320.937622
23/03/2012,319.218781
26/03/2012,322.567017
27/03/2012,321.419464
28/03/2012,325.76123
29/03/2012,322.109985
30/03/2012,318.548157
02/04/2012,321.369812
03/04/2012,319.233704
04/04/2012,315.522827
05/04/2012,314.116974
09/04/2012,313.381744
10/04/2012,311.404602
11/04/2012,315.925201
12/04/2012,323.401581
13/04/2012,310.281921
16/04/2012,301.076782
17/04/2012,302.815491
18/04/2012,301.762329
19/04/2012,297.713654
20/04/2012,296.104126
23/04/2012,296.869141
24/04/2012,298.692291
25/04/2012,302.889984
26/04/2012,305.746429
27/04/2012,305.502991
30/04/2012,300.470734
01/05/2012,300.262085
02/05/2012,301.667938
03/05/2012,303.535797
04/05/2012,296.556183
07/05/2012,301.812012
08/05/2012,304.41507
09/05/2012,302.606842
10/05/2012,304.84726
11/05/2012,300.659485
14/05/2012,300.048462
15/05/2012,303.580505
16/05/2012,312.432922
17/05/2012,309.511932
18/05/2012,298.260101
21/05/2012,305.070801
22/05/2012,298.458801
23/05/2012,302.760834
24/05/2012,299.879578
25/05/2012,293.85376
29/05/2012,295.249695
30/05/2012,292.214417
31/05/2012,288.553253
01/06/2012,283.645172
04/06/2012,287.425568
05/06/2012,283.362
06/06/2012,288.40918
07/06/2012,287.246735
08/06/2012,288.349579
11/06/2012,282.413177
12/06/2012,280.724152
13/06/2012,278.732117
14/06/2012,277.718719
15/06/2012,280.431061
18/06/2012,283.580566
19/06/2012,288.886078
20/06/2012,286.889069
21/06/2012,280.778809
22/06/2012,283.893555
25/06/2012,278.538391
26/06/2012,280.515503
27/06/2012,282.810577
28/06/2012,280.331726
29/06/2012,288.160797
02/07/2012,288.359497
03/07/2012,292.015717
05/07/2012,296.034576
06/07/2012,291.09671
09/07/2012,291.111603
10/07/2012,288.97052
11/07/2012,283.749481
12/07/2012,283.39679
13/07/2012,286.397247
16/07/2012,285.602417
17/07/2012,286.501587
18/07/2012,288.503571
19/07/2012,294.613831
20/07/2012,303.436432
23/07/2012,305.766296
24/07/2012,301.82193
25/07/2012,302.030579
26/07/2012,304.698242
27/07/2012,315.428436
30/07/2012,314.107025
31/07/2012,314.43988
01/08/2012,314.295807
02/08/2012,312.343506
03/08/2012,318.592865
06/08/2012,319.333038
07/08/2012,318.200409
08/08/2012,319.039948
09/08/2012,319.099579
10/08/2012,318.92569
13/08/2012,327.872498
14/08/2012,332.169556
15/08/2012,331.61319
16/08/2012,334.260956
17/08/2012,336.382172
20/08/2012,335.587341
21/08/2012,332.591797
22/08/2012,336.402039
23/08/2012,336.213257
24/08/2012,337.122345
27/08/2012,332.447754
28/08/2012,336.436798
29/08/2012,341.782043
30/08/2012,338.637482
31/08/2012,340.331482
04/09/2012,338.31955
05/09/2012,338.160583
06/09/2012,347.440247
07/09/2012,350.793427
10/09/2012,348.120819
11/09/2012,343.858521
12/09/2012,343.207764
13/09/2012,350.73877
14/09/2012,352.547028
17/09/2012,352.696045
18/09/2012,356.819244
19/09/2012,361.399445
20/09/2012,361.707428
21/09/2012,364.623474
24/09/2012,372.268738
25/09/2012,372.159454
26/09/2012,374.295563
27/09/2012,375.805756
28/09/2012,374.812195
01/10/2012,378.42868
02/10/2012,376.049164
03/10/2012,378.786346
04/10/2012,381.543427
05/10/2012,381.344727
08/10/2012,376.471405
09/10/2012,369.640839
10/10/2012,369.874329
11/10/2012,373.311951
12/10/2012,369.968719
15/10/2012,368.095886
16/10/2012,369.943878
17/10/2012,375.304016
18/10/2012,345.254456
19/10/2012,338.692139
22/10/2012,337.142212
23/10/2012,337.976776
24/10/2012,336.461639
25/10/2012,336.690155
26/10/2012,335.393585
31/10/2012,337.951935
01/11/2012,341.573395
02/11/2012,341.737335
05/11/2012,339.273346
06/11/2012,338.657349
07/11/2012,331.404541
08/11/2012,324.037445
09/11/2012,329.372742
12/11/2012,330.798462
13/11/2012,327.395599
14/11/2012,324.166595
15/11/2012,321.538696
16/11/2012,321.498962
19/11/2012,331.946014
20/11/2012,332.820313
21/11/2012,330.783569
23/11/2012,331.826782
26/11/2012,328.438812
27/11/2012,333.187927
28/11/2012,339.626068
29/11/2012,343.709503
30/11/2012,346.928558
03/12/2012,345.378632
04/12/2012,343.282288
05/12/2012,341.687653
06/12/2012,343.33197
07/12/2012,339.894318
10/12/2012,340.495392
11/12/2012,346.188385
12/12/2012,346.526184
13/12/2012,349.079559
14/12/2012,348.711975
17/12/2012,358.061157
18/12/2012,358.205231
19/12/2012,357.728333
20/12/2012,358.846039
21/12/2012,355.502808
24/12/2012,352.457611
26/12/2012,352.144653
27/12/2012,350.862976
28/12/2012,347.743256
31/12/2012,351.404449
02/01/2013,359.288177
03/01/2013,359.496826
04/01/2013,366.600616
07/01/2013,365.001007
08/01/2013,364.280701
09/01/2013,366.67514
10/01/2013,368.344269
11/01/2013,367.604095
14/01/2013,359.288177
15/01/2013,360.122742
16/01/2013,355.28421
17/01/2013,353.361725
18/01/2013,349.978729
22/01/2013,349.164032
23/01/2013,368.354218
24/01/2013,374.668152
25/01/2013,374.399902
28/01/2013,372.939392
29/01/2013,374.404846
30/01/2013,374.47937
31/01/2013,375.403351
01/02/2013,385.294037
04/02/2013,377.057617
05/02/2013,380.395905
06/02/2013,382.596588
07/02/2013,384.474365
08/02/2013,390.147461
11/02/2013,388.682007
12/02/2013,387.827545
13/02/2013,388.900574
14/02/2013,391.364563
15/02/2013,393.883179
19/02/2013,400.818054
20/02/2013,393.669556
21/02/2013,395.194641
22/02/2013,397.271149
25/02/2013,392.830017
26/02/2013,392.512085
27/02/2013,397.305908
28/02/2013,398.011322
01/03/2013,400.490204
04/03/2013,408.095734
05/03/2013,416.590485
06/03/2013,413.003815
07/03/2013,413.609863
08/03/2013,413.073364
11/03/2013,414.712708
12/03/2013,411.130981
13/03/2013,409.988434
14/03/2013,408.115601
15/03/2013,404.518982
18/03/2013,401.285034
19/03/2013,403.038635
20/03/2013,404.722656
21/03/2013,403.00882
22/03/2013,402.536896
25/03/2013,402.204041
26/03/2013,403.585083
27/03/2013,398.736603
28/03/2013,394.528961
01/04/2013,398.006348
02/04/2013,403.893066
03/04/2013,400.495178
04/04/2013,394.966125
05/04/2013,388.994965
08/04/2013,384.921448
09/04/2013,386.312408
10/04/2013,392.536926
11/04/2013,392.641235
12/04/2013,392.472351
15/04/2013,388.438568
16/04/2013,394.121613
17/04/2013,388.751556
18/04/2013,380.480347
19/04/2013,397.350616
22/04/2013,397.469849
23/04/2013,401.339661
24/04/2013,404.096741
25/04/2013,401.935791
26/04/2013,398.120605
29/04/2013,406.883606
30/04/2013,409.620819
01/05/2013,407.564178
02/05/2013,412.124542
03/05/2013,420.127472
06/05/2013,427.991333
07/05/2013,425.845276
08/05/2013,433.99231
09/05/2013,432.924255
10/05/2013,437.270966
13/05/2013,435.929688
14/05/2013,440.683777
15/05/2013,454.985748
16/05/2013,449.014587
17/05/2013,451.652435
20/05/2013,451.329529
21/05/2013,450.554565
22/05/2013,441.836273
23/05/2013,438.542694
24/05/2013,433.838287
28/05/2013,437.787628
29/05/2013,431.349487
30/05/2013,432.566559
31/05/2013,432.795074
03/06/2013,431.011688
04/06/2013,426.774231
05/06/2013,427.072296
06/06/2013,429.526337
07/06/2013,437.022583
10/06/2013,442.233704
11/06/2013,437.062317
12/06/2013,433.172638
13/06/2013,435.666412
14/06/2013,434.692749
17/06/2013,440.261536
18/06/2013,447.400085
19/06/2013,447.429901
20/06/2013,439.511414
21/06/2013,437.618713
24/06/2013,432.084717
25/06/2013,430.3013
26/06/2013,434.002228
27/06/2013,435.701172
28/06/2013,437.340515
01/07/2013,441.071259
02/07/2013,438.30426
03/07/2013,440.350952
05/07/2013,443.858124
08/07/2013,449.620636
09/07/2013,449.69516
10/07/2013,450.067749
11/07/2013,457.146698
12/07/2013,458.517792
15/07/2013,459.35733
16/07/2013,456.83374
17/07/2013,456.307159
18/07/2013,452.397583
19/07/2013,445.403076
22/07/2013,452.407532
23/07/2013,448.979828
24/07/2013,448.532715
25/07/2013,440.981842
26/07/2013,439.814423
29/07/2013,438.284393
30/07/2013,442.581421
31/07/2013,441.006683
01/08/2013,449.188477
02/08/2013,450.355865
05/08/2013,449.575928
06/08/2013,445.388184
07/08/2013,442.447296
08/08/2013,443.445801
09/08/2013,442.328094
12/08/2013,439.893921
13/08/2013,437.777679
14/08/2013,432.094635
15/08/2013,427.052429
16/08/2013,425.68631
19/08/2013,430.028076
20/08/2013,429.913818
21/08/2013,431.856201
22/08/2013,434.032043
23/08/2013,432.293335
26/08/2013,430.395691
27/08/2013,422.328156
28/08/2013,421.533325
29/08/2013,424.951111
30/08/2013,420.713654
03/09/2013,427.410095
04/09/2013,432.998749
05/09/2013,436.938141
06/09/2013,436.948059
09/09/2013,441.155701
10/09/2013,441.463715
11/09/2013,445.199402
12/09/2013,443.644531
13/09/2013,441.662415
16/09/2013,441.011658
17/09/2013,440.191986
18/09/2013,448.741364
19/09/2013,446.292297
20/09/2013,448.637054
23/09/2013,440.385712
24/09/2013,440.554626
25/09/2013,435.78067
26/09/2013,436.24762
27/09/2013,435.363373
30/09/2013,435.124939
01/10/2013,440.634094
02/10/2013,441.125916
03/10/2013,435.214355
04/10/2013,433.356445
07/10/2013,430.072784
08/10/2013,424.076782
09/10/2013,425.164703
10/10/2013,431.314728
11/10/2013,433.177612
14/10/2013,435.224274
15/10/2013,438.155212
16/10/2013,446.113464
17/10/2013,441.523315
18/10/2013,502.437134
21/10/2013,498.408325
22/10/2013,500.246368
23/10/2013,512.372498
24/10/2013,509.461456
25/10/2013,504.319885
28/10/2013,504.22052
29/10/2013,514.771912
30/10/2013,511.880707
31/10/2013,511.960205
01/11/2013,510.20163
04/11/2013,509.739624
05/11/2013,507.459473
06/11/2013,508.070496
07/11/2013,500.718323
08/11/2013,504.732208
11/11/2013,502.029785
12/11/2013,502.620941
13/11/2013,512.899109
14/11/2013,514.270142
15/11/2013,513.440552
18/11/2013,512.442078
19/11/2013,509.287567
20/11/2013,507.851898
21/11/2013,513.693909
22/11/2013,512.610962
25/11/2013,519.585571
26/11/2013,525.785278
27/11/2013,528.120117
29/11/2013,526.37146
02/12/2013,523.832947
03/12/2013,523.226929
04/12/2013,525.671021
05/12/2013,525.253723
06/12/2013,531.478271
09/12/2013,535.586548
10/12/2013,538.825439
11/12/2013,535.164246
12/12/2013,531.522949
13/12/2013,526.96759
16/12/2013,533.023193
17/12/2013,531.473267
18/12/2013,538.870178
19/12/2013,539.600403
20/12/2013,546.753906
23/12/2013,553.947083
24/12/2013,552.327637
26/12/2013,555.119507
27/12/2013,555.586426
30/12/2013,551.145325
31/12/2013,556.734009
02/01/2014,552.963501
03/01/2014,548.929749
06/01/2014,555.049927
07/01/2014,565.750366
08/01/2014,566.927673
09/01/2014,561.468201
10/01/2014,561.438354
13/01/2014,557.861633
14/01/2014,570.986267
15/01/2014,570.598816
16/01/2014,574.374268
17/01/2014,571.547607
21/01/2014,578.090088
22/01/2014,578.745789
23/01/2014,576.301697
24/01/2014,558.283875
27/01/2014,547.056946
28/01/2014,557.876526
29/01/2014,549.883545
30/01/2014,564.02655
31/01/2014,586.669312
03/02/2014,563.052856
04/02/2014,565.402588
05/02/2014,567.906311
06/02/2014,576.232178
07/02/2014,584.91571
10/02/2014,582.675232
11/02/2014,591.244507
12/02/2014,589.510803
13/02/2014,596.07312
14/02/2014,597.513733
18/02/2014,601.527649
19/02/2014,597.285217
20/02/2014,598.16449
21/02/2014,598.005554
24/02/2014,602.337402
25/02/2014,606.058167
26/02/2014,606.142639
27/02/2014,605.66571
28/02/2014,603.897217
03/03/2014,597.459106
04/03/2014,603.529602
05/03/2014,605.193787
06/03/2014,605.864441
07/03/2014,603.470032
10/03/2014,601.870422
11/03/2014,596.117798
12/03/2014,599.749207
13/03/2014,590.688171
14/03/2014,582.610657
17/03/2014,592.198303
18/03/2014,601.716431
19/03/2014,595.750244
20/03/2014,594.711975
21/03/2014,587.697571
24/03/2014,575.223694
25/03/2014,575.61615
26/03/2014,562.327576
27/03/2014,555.406067
28/03/2014,556.927734
31/03/2014,553.924255
01/04/2014,564.058533
02/04/2014,563.899353
03/04/2014,566.62439
04/04/2014,540.169861
07/04/2014,535.207153
08/04/2014,551.86554
09/04/2014,561.054993
10/04/2014,537.991821
11/04/2014,527.698425
14/04/2014,529.60791
15/04/2014,533.50647
16/04/2014,553.496582
17/04/2014,533.168335
21/04/2014,525.729248
22/04/2014,531.885437
23/04/2014,524.058472
24/04/2014,522.288208
25/04/2014,513.3573
28/04/2014,514.32196
29/04/2014,524.81427
30/04/2014,523.779968
01/05/2014,528.444336
02/05/2014,525.04303
05/05/2014,524.923706
06/05/2014,512.322998
07/05/2014,507.171295
08/05/2014,508.205627
09/05/2014,515.893311
12/05/2014,527.022156
13/05/2014,530.174805
14/05/2014,523.77002
15/05/2014,517.136536
16/05/2014,517.782959
19/05/2014,525.967957
20/05/2014,526.872986
21/05/2014,535.992798
22/05/2014,542.079346
23/05/2014,549.677551
27/05/2014,562.855103
28/05/2014,558.608459
29/05/2014,557.017212
30/05/2014,556.828247
02/06/2014,550.900879
03/06/2014,541.960022
04/06/2014,541.681519
05/06/2014,550.871033
06/06/2014,553.28772
09/06/2014,559.046082
10/06/2014,557.484619
11/06/2014,555.783997
12/06/2014,548.334961
13/06/2014,548.742737
16/06/2014,541.30365
17/06/2014,540.040588
18/06/2014,550.343933
19/06/2014,551.86554
20/06/2014,553.317566
23/06/2014,561.860596
24/06/2014,561.53241
25/06/2014,575.485657
26/06/2014,572.850159
27/06/2014,574.083374
30/06/2014,572.134094
01/07/2014,579.483704
02/07/2014,579.150513
03/07/2014,581.53241
07/07/2014,579.065979
08/07/2014,567.967041
09/07/2014,572.929749
10/07/2014,567.976929
11/07/2014,576.012756
14/07/2014,581.671631
15/07/2014,581.582153
16/07/2014,579.473755
17/07/2014,570.59259
18/07/2014,591.825806
21/07/2014,586.246521
22/07/2014,591.487671
23/07/2014,592.720886
24/07/2014,590.105286
25/07/2014,585.79895
28/07/2014,587.3703
29/07/2014,582.407593
30/07/2014,584.207703
31/07/2014,568.474243
01/08/2014,562.974487
04/08/2014,570.015747
05/08/2014,561.979919
06/08/2014,563.276794
07/08/2014,560.279297
08/08/2014,565.659729
11/08/2014,564.774536
12/08/2014,559.65271
13/08/2014,571.636841
14/08/2014,571.507568
15/08/2014,570.343933
18/08/2014,578.976501
19/08/2014,583.650757
20/08/2014,581.293762
21/08/2014,580.179871
22/08/2014,579.374268
25/08/2014,577.027222
26/08/2014,574.700012
27/08/2014,567.877502
28/08/2014,566.087341
29/08/2014,568.474243
02/09/2014,574.172913
03/09/2014,574.779541
04/09/2014,578.797485
05/09/2014,582.875061
08/09/2014,586.495117
09/09/2014,577.832764
10/09/2014,579.911316
11/09/2014,578.170898
12/09/2014,572.472229
15/09/2014,569.966003
16/09/2014,576.778564
17/09/2014,581.572205
18/09/2014,586.047607
19/09/2014,592.820374
22/09/2014,584.157959
23/09/2014,577.952087
24/09/2014,584.774597
25/09/2014,571.915283
26/09/2014,573.944153
29/09/2014,573.208191
30/09/2014,574.202698
01/10/2014,565.162415
02/10/2014,566.962524
03/10/2014,572.134094
06/10/2014,574.192749
07/10/2014,560.657227
08/10/2014,569.369324
09/10/2014,557.812866
10/10/2014,541.512451
13/10/2014,530.294128
14/10/2014,534.998291
15/10/2014,527.131531
16/10/2014,521.641724
17/10/2014,508.374695
20/10/2014,517.991821
21/10/2014,523.660645
22/10/2014,529.796875
23/10/2014,541.005249
24/10/2014,536.828247
27/10/2014,537.812805
28/10/2014,545.898376
29/10/2014,546.325989
30/10/2014,547.300659
31/10/2014,556.022705
03/11/2014,552.183777
04/11/2014,551.079895
05/11/2014,542.934631
06/11/2014,539.075867
07/11/2014,538.051514
10/11/2014,544.496094
11/11/2014,547.280762
12/11/2014,544.317078
13/11/2014,542.397583
14/11/2014,541.422974
17/11/2014,533.576111
18/11/2014,532.104187
19/11/2014,534.053467
20/11/2014,531.905273
21/11/2014,534.560669
24/11/2014,536.321045
25/11/2014,538.121094
26/11/2014,537.414978
28/11/2014,538.867004
01/12/2014,530.88092
02/12/2014,530.831177
03/12/2014,528.41449
04/12/2014,534.371765
05/12/2014,522.387634
08/12/2014,524.098206
09/12/2014,530.453308
10/12/2014,523.183228
11/12/2014,525.450806
12/12/2014,515.82373
15/12/2014,510.990295
16/12/2014,492.680969
17/12/2014,502.129028
18/12/2014,508.305054
19/12/2014,513.526367
22/12/2014,521.999756
23/12/2014,527.688477
24/12/2014,525.878418
26/12/2014,531.10968
29/12/2014,527.429932
30/12/2014,527.519409
31/12/2014,523.521423
02/01/2015,521.937744
05/01/2015,511.057617
06/01/2015,499.212799
07/01/2015,498.357513
08/01/2015,499.928864
09/01/2015,493.454498
12/01/2015,489.854309
13/01/2015,493.464447
14/01/2015,498.128784
15/01/2015,499.043732
16/01/2015,505.299316
20/01/2015,504.125763
21/01/2015,515.204773
22/01/2015,531.465332
23/01/2015,536.994873
26/01/2015,532.280823
27/01/2015,515.791565
28/01/2015,507.208801
29/01/2015,507.865204
30/01/2015,531.594604
02/02/2015,525.587646
03/02/2015,526.343506
04/02/2015,519.898987
05/02/2015,524.692566
06/02/2015,528.093872
09/02/2015,524.941223
10/02/2015,534.001343
11/02/2015,533.036682
12/02/2015,539.958557
13/02/2015,546.00531
17/02/2015,539.86908
18/02/2015,536.746277
19/02/2015,539.901306
20/02/2015,536.000366
23/02/2015,528.998901
24/02/2015,533.156006
25/02/2015,540.893433
26/02/2015,552.43988
27/02/2015,555.343933
02/03/2015,568.213074
03/03/2015,570.500488
04/03/2015,570.231995
05/03/2015,572.181274
06/03/2015,564.578125
09/03/2015,565.736694
10/03/2015,551.972473
11/03/2015,548.163452
12/03/2015,552.469727
13/03/2015,544.324585
16/03/2015,551.47522
17/03/2015,547.825317
18/03/2015,556.437866
19/03/2015,554.936157
20/03/2015,557.293213
23/03/2015,555.751648
24/03/2015,567.069397
25/03/2015,555.726807
26/03/2015,552.131592
27/03/2015,545.338989
30/03/2015,549.008789
31/03/2015,545.000854
01/04/2015,539.590576
02/04/2015,532.59906
06/04/2015,533.827332
07/04/2015,534.080933
08/04/2015,538.645813
09/04/2015,537.820374
10/04/2015,537.054565
13/04/2015,536.219177
14/04/2015,527.487183
15/04/2015,529.617859
16/04/2015,530.87854
17/04/2015,521.181885
20/04/2015,532.44989
21/04/2015,531.049988
22/04/2015,536.413086
23/04/2015,544.006287
24/04/2015,561.967468
27/04/2015,555.369995
28/04/2015,553.679993
29/04/2015,549.080017
30/04/2015,537.340027
01/05/2015,537.900024
04/05/2015,540.780029
05/05/2015,530.799988
06/05/2015,524.219971
07/05/2015,530.700012
08/05/2015,538.219971
11/05/2015,535.700012
12/05/2015,529.039978
13/05/2015,529.619995
14/05/2015,538.400024
15/05/2015,533.849976
18/05/2015,532.299988
19/05/2015,537.359985
20/05/2015,539.27002
21/05/2015,542.51001
22/05/2015,540.109985
26/05/2015,532.320007
27/05/2015,539.789978
28/05/2015,539.780029
29/05/2015,532.109985
01/06/2015,533.98999
02/06/2015,539.179993
03/06/2015,540.309998
04/06/2015,536.700012
05/06/2015,533.330017
08/06/2015,526.830017
09/06/2015,526.690002
10/06/2015,536.690002
11/06/2015,534.609985
12/06/2015,532.330017
15/06/2015,527.200012
16/06/2015,528.150024
17/06/2015,529.26001
18/06/2015,536.72998
19/06/2015,536.690002
22/06/2015,538.190002
23/06/2015,540.47998
24/06/2015,537.840027
25/06/2015,535.22998
26/06/2015,531.690002
29/06/2015,521.52002
30/06/2015,520.51001
01/07/2015,521.840027
02/07/2015,523.400024
06/07/2015,522.859985
07/07/2015,525.02002
08/07/2015,516.830017
09/07/2015,520.679993
10/07/2015,530.130005
13/07/2015,546.549988
14/07/2015,561.099976
15/07/2015,560.219971
16/07/2015,579.849976
17/07/2015,672.929993
20/07/2015,663.02002
21/07/2015,662.299988
22/07/2015,662.099976
23/07/2015,644.280029
24/07/2015,623.559998
27/07/2015,627.26001
28/07/2015,628
29/07/2015,631.929993
30/07/2015,632.590027
31/07/2015,625.609985
03/08/2015,631.210022
04/08/2015,629.25
05/08/2015,643.780029
06/08/2015,642.679993
07/08/2015,635.299988
10/08/2015,633.72998
11/08/2015,660.780029
12/08/2015,659.559998
13/08/2015,656.450012
14/08/2015,657.119995
17/08/2015,660.869995
18/08/2015,656.130005
19/08/2015,660.900024
20/08/2015,646.830017
21/08/2015,612.47998
24/08/2015,589.609985
25/08/2015,582.059998
26/08/2015,628.619995
27/08/2015,637.609985
28/08/2015,630.380005
31/08/2015,618.25
01/09/2015,597.789978
02/09/2015,614.340027
03/09/2015,606.25
04/09/2015,600.700012
08/09/2015,614.659973
09/09/2015,612.719971
10/09/2015,621.349976
11/09/2015,625.77002
14/09/2015,623.23999
15/09/2015,635.140015
16/09/2015,635.97998
17/09/2015,642.900024
18/09/2015,629.25
21/09/2015,635.440002
22/09/2015,622.690002
23/09/2015,622.359985
24/09/2015,625.799988
25/09/2015,611.969971
28/09/2015,594.890015
29/09/2015,594.969971
30/09/2015,608.419983
01/10/2015,611.289978
02/10/2015,626.909973
05/10/2015,641.469971
06/10/2015,645.440002
07/10/2015,642.359985
08/10/2015,639.159973
09/10/2015,643.609985
12/10/2015,646.669983
13/10/2015,652.299988
14/10/2015,651.159973
15/10/2015,661.73999
16/10/2015,662.200012
19/10/2015,666.099976
20/10/2015,650.280029
21/10/2015,642.609985
22/10/2015,651.789978
23/10/2015,702
26/10/2015,712.780029
27/10/2015,708.48999
28/10/2015,712.950012
29/10/2015,716.919983
30/10/2015,710.809998
02/11/2015,721.109985
03/11/2015,722.159973
04/11/2015,728.109985
05/11/2015,731.25
06/11/2015,733.76001
09/11/2015,724.890015
10/11/2015,728.320007
11/11/2015,735.400024
12/11/2015,731.22998
13/11/2015,717
16/11/2015,728.960022
17/11/2015,725.299988
18/11/2015,740
19/11/2015,738.409973
20/11/2015,756.599976
23/11/2015,755.97998
24/11/2015,748.280029
25/11/2015,748.150024
27/11/2015,750.26001
30/11/2015,742.599976
01/12/2015,767.039978
02/12/2015,762.380005
03/12/2015,752.539978
04/12/2015,766.809998
07/12/2015,763.25
08/12/2015,762.369995
09/12/2015,751.609985
10/12/2015,749.460022
11/12/2015,738.869995
14/12/2015,747.77002
15/12/2015,743.400024
16/12/2015,758.090027
17/12/2015,749.429993
18/12/2015,739.309998
21/12/2015,747.77002
22/12/2015,750
23/12/2015,750.309998
24/12/2015,748.400024
28/12/2015,762.51001
29/12/2015,776.599976
30/12/2015,771
31/12/2015,758.880005
04/01/2016,741.840027
05/01/2016,742.580017
06/01/2016,743.619995
07/01/2016,726.390015
08/01/2016,714.469971
11/01/2016,716.030029
12/01/2016,726.070007
13/01/2016,700.559998
14/01/2016,714.719971
15/01/2016,694.450012
19/01/2016,701.789978
20/01/2016,698.450012
21/01/2016,706.590027
22/01/2016,725.25
25/01/2016,711.669983
26/01/2016,713.039978
27/01/2016,699.98999
28/01/2016,730.960022
29/01/2016,742.950012
01/02/2016,752
02/02/2016,764.650024
03/02/2016,726.950012
04/02/2016,708.01001
05/02/2016,683.570007
08/02/2016,682.73999
09/02/2016,678.109985
10/02/2016,684.119995
11/02/2016,683.109985
12/02/2016,682.400024
16/02/2016,691
17/02/2016,708.400024
18/02/2016,697.349976
19/02/2016,700.909973
22/02/2016,706.460022
23/02/2016,695.849976
24/02/2016,699.559998
25/02/2016,705.75
26/02/2016,705.070007
29/02/2016,697.77002
01/03/2016,718.809998
02/03/2016,718.849976
03/03/2016,712.419983
04/03/2016,710.890015
07/03/2016,695.159973
08/03/2016,693.969971
09/03/2016,705.23999
10/03/2016,712.820007
11/03/2016,726.820007
14/03/2016,730.48999
15/03/2016,728.330017
16/03/2016,736.090027
17/03/2016,737.780029
18/03/2016,737.599976
21/03/2016,742.090027
22/03/2016,740.75
23/03/2016,738.059998
24/03/2016,735.299988
28/03/2016,733.530029
29/03/2016,744.77002
30/03/2016,750.530029
31/03/2016,744.950012
01/04/2016,749.909973
04/04/2016,745.289978
05/04/2016,737.799988
06/04/2016,745.690002
07/04/2016,740.280029
08/04/2016,739.150024
11/04/2016,736.099976
12/04/2016,743.090027
13/04/2016,751.719971
14/04/2016,753.200012
15/04/2016,759
18/04/2016,766.609985
19/04/2016,753.929993
20/04/2016,752.669983
21/04/2016,759.140015
22/04/2016,718.77002
25/04/2016,723.150024
26/04/2016,708.140015
27/04/2016,705.840027
28/04/2016,691.02002
29/04/2016,693.01001
02/05/2016,698.210022
03/05/2016,692.359985
04/05/2016,695.700012
05/05/2016,701.429993
06/05/2016,711.119995
09/05/2016,712.900024
10/05/2016,723.179993
11/05/2016,715.289978
12/05/2016,713.309998
13/05/2016,710.830017
16/05/2016,716.48999
17/05/2016,706.22998
18/05/2016,706.630005
19/05/2016,700.320007
20/05/2016,709.73999
23/05/2016,704.23999
24/05/2016,720.090027
25/05/2016,725.27002
26/05/2016,724.119995
27/05/2016,732.659973
31/05/2016,735.719971
01/06/2016,734.150024
02/06/2016,730.400024
03/06/2016,722.340027
06/06/2016,716.549988
07/06/2016,716.650024
08/06/2016,728.280029
09/06/2016,728.580017
10/06/2016,719.409973
13/06/2016,718.359985
14/06/2016,718.27002
15/06/2016,718.919983
16/06/2016,710.359985
17/06/2016,691.719971
20/06/2016,693.710022
21/06/2016,695.940002
22/06/2016,697.460022
23/06/2016,701.869995
24/06/2016,675.219971
27/06/2016,668.26001
28/06/2016,680.039978
29/06/2016,684.109985
30/06/2016,692.099976
01/07/2016,699.210022
05/07/2016,694.950012
06/07/2016,697.77002
07/07/2016,695.359985
08/07/2016,705.630005
11/07/2016,715.090027
12/07/2016,720.640015
13/07/2016,716.97998
14/07/2016,720.950012
15/07/2016,719.849976
18/07/2016,733.780029
19/07/2016,736.960022
20/07/2016,741.190002
21/07/2016,738.630005
22/07/2016,742.73999
25/07/2016,739.77002
26/07/2016,738.419983
27/07/2016,741.77002
28/07/2016,745.909973
29/07/2016,768.789978
01/08/2016,772.880005
02/08/2016,771.070007
03/08/2016,773.179993
04/08/2016,771.609985
05/08/2016,782.219971
08/08/2016,781.76001
09/08/2016,784.26001
10/08/2016,784.679993
11/08/2016,784.849976
12/08/2016,783.219971
15/08/2016,782.440002
16/08/2016,777.140015
17/08/2016,779.909973
18/08/2016,777.5
19/08/2016,775.419983
22/08/2016,772.150024
23/08/2016,772.080017
24/08/2016,769.640015
25/08/2016,769.409973
26/08/2016,769.539978
29/08/2016,772.150024
30/08/2016,769.090027
31/08/2016,767.049988
01/09/2016,768.780029
02/09/2016,771.460022
06/09/2016,780.080017
07/09/2016,780.349976
08/09/2016,775.320007
09/09/2016,759.659973
12/09/2016,769.02002
13/09/2016,759.690002
14/09/2016,762.48999
15/09/2016,771.76001
16/09/2016,768.880005
19/09/2016,765.700012
20/09/2016,771.409973
21/09/2016,776.219971
22/09/2016,787.210022
23/09/2016,786.900024
26/09/2016,774.210022
27/09/2016,783.01001
28/09/2016,781.559998
29/09/2016,775.01001
30/09/2016,777.289978
03/10/2016,772.559998
04/10/2016,776.429993
05/10/2016,776.469971
06/10/2016,776.859985
07/10/2016,775.080017
10/10/2016,785.940002
11/10/2016,783.070007
12/10/2016,786.140015
13/10/2016,778.190002
14/10/2016,778.530029
17/10/2016,779.960022
18/10/2016,795.26001
19/10/2016,801.5
20/10/2016,796.969971
21/10/2016,799.369995
24/10/2016,813.109985
25/10/2016,807.669983
26/10/2016,799.070007
27/10/2016,795.349976
28/10/2016,795.369995
31/10/2016,784.539978
01/11/2016,783.609985
02/11/2016,768.700012
03/11/2016,762.130005
04/11/2016,762.02002
07/11/2016,782.52002
08/11/2016,790.51001
09/11/2016,785.309998
10/11/2016,762.559998
11/11/2016,754.02002
14/11/2016,736.080017
15/11/2016,758.48999
16/11/2016,764.47998
17/11/2016,771.22998
18/11/2016,760.539978
21/11/2016,769.200012
22/11/2016,768.27002
23/11/2016,760.98999
25/11/2016,761.679993
28/11/2016,768.23999
29/11/2016,770.840027
30/11/2016,758.039978
01/12/2016,747.919983
02/12/2016,750.5
05/12/2016,762.52002
06/12/2016,759.109985
07/12/2016,771.190002
08/12/2016,776.419983
09/12/2016,789.289978
12/12/2016,789.27002
13/12/2016,796.099976
14/12/2016,797.070007
15/12/2016,797.849976
16/12/2016,790.799988
19/12/2016,794.200012
20/12/2016,796.419983
21/12/2016,794.559998
22/12/2016,791.26001
23/12/2016,789.909973
27/12/2016,791.549988
28/12/2016,785.049988
29/12/2016,782.789978
30/12/2016,771.820007
03/01/2017,786.140015
04/01/2017,786.900024
05/01/2017,794.02002
06/01/2017,806.150024
09/01/2017,806.650024
10/01/2017,804.789978
11/01/2017,807.909973
12/01/2017,806.359985
13/01/2017,807.880005
17/01/2017,804.609985
18/01/2017,806.070007
19/01/2017,802.174988
20/01/2017,805.02002
23/01/2017,819.309998
24/01/2017,823.869995
25/01/2017,835.669983
26/01/2017,832.150024
27/01/2017,823.309998
30/01/2017,802.320007
31/01/2017,796.789978
01/02/2017,795.695007
02/02/2017,798.530029
03/02/2017,801.48999
06/02/2017,801.340027
07/02/2017,806.969971
08/02/2017,808.380005
09/02/2017,809.559998
10/02/2017,813.669983
13/02/2017,819.23999
14/02/2017,820.450012
15/02/2017,818.97998
16/02/2017,824.159973
17/02/2017,828.070007
21/02/2017,831.659973
22/02/2017,830.76001
23/02/2017,831.330017
24/02/2017,828.640015
27/02/2017,829.280029
28/02/2017,823.210022
01/03/2017,835.23999
02/03/2017,830.630005
03/03/2017,829.080017
06/03/2017,827.780029
07/03/2017,831.909973
08/03/2017,835.369995
09/03/2017,838.679993
10/03/2017,843.25
13/03/2017,845.539978
14/03/2017,845.619995
15/03/2017,847.200012
16/03/2017,848.780029
17/03/2017,852.119995
20/03/2017,848.400024
21/03/2017,830.460022
22/03/2017,829.590027
23/03/2017,817.580017
24/03/2017,814.429993
27/03/2017,819.51001
28/03/2017,820.919983
29/03/2017,831.409973
30/03/2017,831.5
31/03/2017,829.559998
03/04/2017,838.549988
04/04/2017,834.570007
05/04/2017,831.409973
06/04/2017,827.880005
07/04/2017,824.669983
10/04/2017,824.72998
11/04/2017,823.349976
12/04/2017,824.320007
13/04/2017,823.559998
17/04/2017,837.169983
18/04/2017,836.820007
19/04/2017,838.210022
20/04/2017,841.650024
21/04/2017,843.190002
24/04/2017,862.76001
25/04/2017,872.299988
26/04/2017,871.72998
27/04/2017,874.25
28/04/2017,905.960022
01/05/2017,912.570007
02/05/2017,916.440002
03/05/2017,927.039978
04/05/2017,931.659973
05/05/2017,927.130005
08/05/2017,934.299988
09/05/2017,932.169983
10/05/2017,928.780029
11/05/2017,930.599976
12/05/2017,932.219971
15/05/2017,937.080017
16/05/2017,943
17/05/2017,919.619995
18/05/2017,930.23999
19/05/2017,934.01001
22/05/2017,941.859985
23/05/2017,948.820007
24/05/2017,954.960022
25/05/2017,969.539978
26/05/2017,971.469971
30/05/2017,975.880005
31/05/2017,964.859985
01/06/2017,966.950012
02/06/2017,975.599976
05/06/2017,983.679993
06/06/2017,976.570007
07/06/2017,980.940002
08/06/2017,983.409973
09/06/2017,949.830017
12/06/2017,942.900024
13/06/2017,953.400024
14/06/2017,950.76001
15/06/2017,942.309998
16/06/2017,939.780029
19/06/2017,957.369995
20/06/2017,950.630005
21/06/2017,959.450012
22/06/2017,957.090027
23/06/2017,965.590027
26/06/2017,952.27002
27/06/2017,927.330017
28/06/2017,940.48999
29/06/2017,917.789978
30/06/2017,908.72998
03/07/2017,898.700012
05/07/2017,911.710022
06/07/2017,906.690002
07/07/2017,918.590027
10/07/2017,928.799988
11/07/2017,930.090027
12/07/2017,943.830017
13/07/2017,947.159973
14/07/2017,955.98999
17/07/2017,953.419983
18/07/2017,965.400024
19/07/2017,970.890015
20/07/2017,968.150024
21/07/2017,972.919983
24/07/2017,980.340027
25/07/2017,950.700012
26/07/2017,947.799988
27/07/2017,934.090027
28/07/2017,941.530029
31/07/2017,930.5
01/08/2017,930.830017
02/08/2017,930.390015
03/08/2017,923.650024
04/08/2017,927.960022
07/08/2017,929.359985
08/08/2017,926.789978
09/08/2017,922.900024
10/08/2017,907.23999
11/08/2017,914.390015
14/08/2017,922.669983
15/08/2017,922.219971
16/08/2017,926.960022
17/08/2017,910.97998
18/08/2017,910.669983
21/08/2017,906.659973
22/08/2017,924.690002
23/08/2017,927
24/08/2017,921.280029
25/08/2017,915.890015
28/08/2017,913.809998
29/08/2017,921.289978
30/08/2017,929.570007
31/08/2017,939.330017
01/09/2017,937.340027
05/09/2017,928.450012
06/09/2017,927.809998
07/09/2017,935.950012
08/09/2017,926.5
11/09/2017,929.080017
12/09/2017,932.070007
13/09/2017,935.090027
14/09/2017,925.109985
15/09/2017,920.289978
18/09/2017,915
19/09/2017,921.809998
20/09/2017,931.580017
21/09/2017,932.450012
22/09/2017,928.530029
25/09/2017,920.969971
26/09/2017,924.859985
27/09/2017,944.48999
28/09/2017,949.5
29/09/2017,959.109985
02/10/2017,953.27002
03/10/2017,957.789978
04/10/2017,951.679993
05/10/2017,969.960022
06/10/2017,978.890015
09/10/2017,977
10/10/2017,972.599976
11/10/2017,989.25
12/10/2017,987.830017
13/10/2017,989.679993
16/10/2017,992
17/10/2017,992.179993
18/10/2017,992.809998
19/10/2017,984.450012
20/10/2017,988.200012
23/10/2017,968.450012
24/10/2017,970.539978
25/10/2017,973.330017
26/10/2017,972.559998
27/10/2017,1019.27002
30/10/2017,1017.109985
31/10/2017,1016.640015
01/11/2017,1025.5
02/11/2017,1025.579956
03/11/2017,1032.47998
06/11/2017,1025.900024
07/11/2017,1033.329956
08/11/2017,1039.849976
09/11/2017,1031.26001
10/11/2017,1028.069946
13/11/2017,1025.75
14/11/2017,1026
15/11/2017,1020.909973
16/11/2017,1032.5
17/11/2017,1019.090027
20/11/2017,1018.380005
21/11/2017,1034.48999
22/11/2017,1035.959961
24/11/2017,1040.609985
27/11/2017,1054.209961
28/11/2017,1047.410034
29/11/2017,1021.659973
30/11/2017,1021.409973
01/12/2017,1010.169983
04/12/2017,998.679993
05/12/2017,1005.150024
06/12/2017,1018.380005
07/12/2017,1030.930054
08/12/2017,1037.050049
11/12/2017,1041.099976
12/12/2017,1040.47998
13/12/2017,1040.609985
14/12/2017,1049.150024
15/12/2017,1064.189941
18/12/2017,1077.140015
19/12/2017,1070.680054
20/12/2017,1064.949951
21/12/2017,1063.630005
22/12/2017,1060.119995
26/12/2017,1056.73999
27/12/2017,1049.369995
28/12/2017,1048.140015
29/12/2017,1046.400024
